[v.rank,lcw.code,v.parityPerce/100,v.parityPrice,v.equalizedToLeaderPrice,lcw.usd,v.gdaxPrice,v.binPrice,v.gdaxPriceDiffPercent,v.change.hpc.usd/100,v.change.dpc.usd/100,v.change.wpc.usd/100,v.change.mpc.usd/100,lcw.name,lcw.site,v.reddit,lcw.twitter,lcw.github,lcw.facebook,lcw.whitepaper,lcw.ath,lcw.athp,v.sVolRatio]
01,BTC,1,7338.35,7338.35,7338.35114236211,7365.01,,0,0.00030559221951745265,0.005724033038703489,0.04295741527157191,0.046211575524422524,Bitcoin,https://bitcoin.org/,https://www.reddit.com/r/bitcoin,,bitcoin/bitcoin,,https://bitcoin.org/bitcoin.pdf,20236.690425973276,63.73454900147938,1
02,ETH,0.22940000000000002,1683.19,1243.92,285.31639342046,283.35,283.02,-0.01,-0.0020231201859548676,-0.011444367277416646,-0.0280331649154308,-0.30174297708095305,Ethereum,https://www.ethereum.org/,https://www.reddit.com/r/ethereum,ethereum,ethereum/go-ethereum,ethereumproject,https://github.com/ethereum/wiki/wiki/White-Paper,1538.1303991706081,81.4457376076775,0.3683498677259403
03,XRP,0.1025,752.16,3.22,0.3295428662155059,,0.33,,-0.002280909881437174,-0.014748223288438786,-0.04383054368927535,-0.2323195845784695,XRP,https://ripple.com/,https://www.reddit.com/r/ripple,Ripple,ripple/rippled,ripplepay,https://interledger.org/interledger.pdf,3.915463077809668,91.58648748272216,0.05302143863571468
04,BCH,0.0855,627.7,7303.95,624.7593263143808,627.03,,0,-0.0034989362007715936,-0.003912513847595014,0.12601633913705745,-0.10380439627346191,Bitcoin Cash,https://www.bitcoincash.org/,https://www.reddit.com/r/Bitcoincash,Bitcoin,bitcoincashorg/,bitcoincashorg,https://www.bitcoincash.org/bitcoin.pdf,4520.742575684696,86.18266603378899,0.11333543835858856
05,EOS,0.0447,328.33,141.26,6.320201089900258,,6.48,,-0.0022823605777941183,0.0018391072506172585,0.08189652634303611,-0.09751208205048569,EOS,https://eos.io/,https://www.reddit.com/r/EOS,eos_io,eosio/eos,,https://github.com/EOSIO/Documentation/blob/master/TechnicalWhitePaper.md,23.95565521183252,73.61093864837963,0.1594331722365354
06,XLM,0.034,249.85,6.74,0.22957860904477276,,0.23,,0.006188361251476429,0.035107203180113754,-0.006853867858155072,-0.030066040142184912,Stellar,https://www.stellar.org,https://www.reddit.com/r/stellar,StellarOrg,stellar/stellar-core,stellarfoundation,https://www.stellar.org/papers/stellar-consensus-protocol.pdf,0.921644339265009,75.0812704821549,0.014466257969600837
07,LTC,0.031,227.34,2176.5,67.42873961809833,67.86,,0.01,-0.0016112214597166527,0.016738322026148857,0.08842799403878394,-0.09640272722126558,Litecoin,https://litecoin.com,https://www.reddit.com/r/litecoin,LitecoinProject,litecoin-project/litecoin,,,379.59635558122693,82.24319514016258,0.0728631793807213
08,USDT,0.0218,160.1,45.75,0.9980848478579503,,,,-0.0015312993065971768,-0.0027870859974544002,0.0012116063382529101,-0.004045444084408329,Tether,https://tether.to,https://www.reddit.com/r/Tether,tether_to,,,https://tether.to/wp-content/uploads/2015/04/Tether-White-Paper.pdf,1.21016,17.52764102936854,0.7518244642545473
09,ADA,0.0215,157.84,4.88,0.10501818836823516,,,,-0.004505289278298752,-0.007668512542644843,0.016730751113872042,-0.19549060609758795,Cardano,https://www.cardano.org/,https://www.reddit.com/r/cardano,CardanoStiftung,input-output-hk/cardano-sl/,groups/CardanoCommunity,https://www.cardanohub.org/en/academic-papers/,1.31499095,92.01020296273671,0.011338175559379665
10,XMR,0.018000000000000002,131.99,7728.46,139.00317159211178,,,,-0.00021702424022159136,0.004800018907547427,0.3561171644717172,0.19571136017870025,Monero,http://www.monero.cc,https://www.reddit.com/r/monero,monero,monero-project/monero,,https://github.com/monero-project/research-lab/blob/master/whitepaper/whitepaper.pdf,567.3903373064945,75.53224994368277,0.010039986753671777
11,MIOTA,0.015600000000000001,114.15,45.54,0.7084442598385166,,0.71,,-0.00024944558207407914,-0.002463742162415828,-0.08123095803312662,-0.2130774507699003,IOTA,https://iota.org/,https://www.reddit.com/r/Iota,,,,https://iota.org/IOTA_Whitepaper.pdf,5.643173603193207,87.44816237363277,0.010070512510052159
12,DASH,0.0144,105.68,15246.01,219.56420267046997,,,,-0.00006401260973201298,0.007470710187604756,0.12839246253785053,0.07196642345926683,Dash,https://www.dash.org/,https://www.reddit.com/r/dashpay,Dashpay,dashpay/dash,,https://www.dash.org/wp-content/uploads/2015/04/Dash-WhitepaperV1.pdf,1711.2861897753107,87.18042148326042,0.05909398245910862
13,TRX,0.0129,94.9,1.93,0.024899441753371547,,0.02,,-0.0003116224924496827,-0.01671016689602357,-0.0539961614373579,-0.15687054639356518,TRON,https://tronlab.com/,https://www.reddit.com/r/Tronix,tronfoundation,tronprotocol,,https://o836fhe91.qnssl.com/tron/whitebook/TronWhitepaper_en.pdf,0.2947430746031121,91.55435103263031,0.026585183775747225
14,NEO,0.0123,90.03,1947.52,23.893627863536928,,23.83,,-0.010790177308936097,0.02701679006777619,0.15844416739630485,-0.12530132264402413,NEO,https://neo.org/,https://www.reddit.com/r/NEO,neo_blockchain,neo-project/neo,NEOSmartEcon/,http://docs.neo.org/en-us/,195.51067946195445,87.78219419239079,0.02620514258618406
15,ETC,0.0113,83.28,1213.57,13.77262888053589,,,,-0.0020547311733976276,-0.012518695951565715,0.06086848994870406,-0.2030975754311708,Ethereum Classic,https://ethereumclassic.github.io/,https://www.reddit.com/r/EthereumClassic,eth_classic,ethereumproject/go-ethereum,,https://github.com/ethereum/wiki/wiki/White-Paper,53.261659685660334,74.13028361819266,0.04450003952245577
16,XEM,0.0087,63.7,14.07,0.12210138498881083,,,,-0.007986693695359258,0.007088721298662919,0.10938740480248738,-0.1528972072473195,NEM,http://nem.io,https://www.reddit.com/r/nem,NEMofficial,NemProject/nem.core,ourNEM/,https://nem.io/NEM_techRef.pdf,1.89635,93.55883406208339,0.004933728955749421
17,BNB,0.0086,63.19,1325.36,11.41214777157251,,,,-0.0022078347968909223,-0.0008876323252470111,0.022231933032865695,-0.16139095294621772,Binance Coin,https://www.binance.com/,https://www.reddit.com/r/binance,binance_2017,binance-exchange/binance-official-api-docs,binanceexchange,https://www.binance.com/resources/ico/Binance_WhitePaper_en.pdf,24.75746115943322,53.808589572121775,0.004631397360569417
18,VET,0.0083,61.04,2.28,0.01898835511342032,,0.02,,-0.01598616373147467,-0.029363476550301873,0.0877985433178961,0.4329864037210102,VeChain,https://www.vechain.org/,https://www.reddit.com/r/vechain,vechainofficial,,,https://cdn.vechain.com/vechain_ico_ideas_of_development_en.pdf,9.436306667215149,99.79825857036435,0.006961102660776485
19,XTZ,0.006999999999999999,51.45,208.34,1.4607251563756916,,,,0.004973974474909203,0.031238846160263827,0.03593230430304927,-0.23036229985474432,Tezos,https://www.tezos.com/,https://www.reddit.com/r/tezos,tezos,,,,5.939700785124404,75.40739494759883,0.0006072212700826891
20,ZEC,0.0058,42.88,26763.67,156.38462799127632,,,,-0.006052523193303519,0.006232650432912134,0.03266863685591161,-0.1279222548572336,Zcash,https://z.cash/,https://www.reddit.com/r/zec,zcashco,zcash/zcash,,http://zerocash-project.org/media/pdf/zerocash-extended-20140518.pdf,3191.87,95.10953058254748,0.027211535945369583
21,OMG,0.0053,38.6,902.62,4.748252228203331,,,,-0.006062976479413509,0.025557317220865253,0.11255526834177029,-0.1385594510643986,OmiseGo,https://omg.omise.co/,https://www.reddit.com/r/omise_go,omise_go,omisego/plasma-mvp,OmiseGO,https://cdn.omise.co/omg/whitepaper.pdf,27.76051163611774,82.88236824599822,0.015522108363812785
22,DOGE,0.004699999999999999,34.79,1.09,0.005173832883499914,,,,-0.011460844498949664,-0.024245876126218292,1.0278319841729355,0.7994925134333905,Dogecoin,http://dogecoin.com/,https://www.reddit.com/r/dogecoin,dogecoin,dogecoin/dogecoin,,,0.01854626460106124,72.0888714755938,0.009406990027795931
23,BCD,0.0046,33.88,823.3,3.8015664000555027,,,,0.16268112164160858,1.9901399213096491,2.085618050242763,1.3802867553970959,Bitcoin Diamond,http://btcd.io/,https://www.reddit.com/r/Bitcoin-Diamond,BitcoinDiamond_,eveybcd/BitcoinDiamond,,,104.837,96.36145112768223,0.011193851908893788
24,BCN,0.0040999999999999995,29.76,0.69,0.0027892171093435686,,,,-0.020744089700224243,0.08328133978033754,0.3500265267988281,0.2036262157994026,Bytecoin,https://bytecoin.org/,https://www.reddit.com/r/BytecoinBCN,Bytecoin_BCN,amjuarez/bytecoin,,,0.01863130128553058,85.02925150715765,0.001831255763356886
25,LSK,0.0039000000000000003,28.89,1152.97,4.539602531924315,,4.34,,-0.009678280087155405,-0.028044479246178044,-0.09308216875065471,0.15174949154797868,Lisk,https://lisk.io/,https://www.reddit.com/r/lisk,LiskHQ,LiskHQ/lisk,LiskHQ,https://github.com/slasheks/lisk-whitepaper/blob/development/LiskWhitepaper.md,38.973404326872746,88.3517547340335,0.001468719408901611
26,ONT,0.0034999999999999996,25.85,687.21,2.420731704213421,,,,-0.0029853378654606387,-0.015355094594295259,-0.09632129729525628,0.07978398697625497,Ontology,https://ont.io/,https://www.reddit.com/r/OntologyNetwork,OntologyNetwork,ontio/ontology,,https://ont.io/wp/Ontology-Introductory-White-Paper-EN.pdf,11.593331285257829,79.11039627202693,0.011981898130152172
27,ZRX,0.0034000000000000002,25.25,235.41,0.810084148296768,,,,-0.003984589050613971,0.0004333904507152663,0.0023970246709671067,-0.16243881961967502,0x,https://0xproject.com/,https://www.reddit.com/r/0xProject,0xproject,0xProject/0x-monorepo,,https://0xproject.com/pdfs/0x_white_paper.pdf,2.38689,66.0708265779011,0.00395791977307021
28,QTUM,0.0033,24.36,1424.47,4.7280814336421155,,,,0.0036073687796406807,-0.0141519992057198,-0.0010986132651475632,-0.26969920069523634,Qtum,https://qtum.org/,https://www.reddit.com/r/Qtum,qtumOfficial,qtumproject/qtum/,QtumOfficial,https://qtum.org/uploads/files/a2772efe4dc8ed1100319c6480195fb1.pdf,106.43335874850646,95.5967414149849,0.017053753015151232
29,NANO,0.0031,22.84,950.02,2.9571556959886887,,,,-0.007406798505691563,-0.06269150117460602,-0.03530741416906191,0.8695349967545402,Nano,https://raiblocks.net/,https://www.reddit.com/r/nanocurrency,nano,nanocurrency/raiblocks,,https://raiblocks.net/media/RaiBlocks_Whitepaper__English.pdf,36.61400087621003,91.93247408753463,0.0035265142103151122
30,ICX,0.003,22.2,326.74,0.9883906054752682,,,,-0.009825607049399285,0.07176886169053927,0.11338993008454543,0.0770805314447234,ICON,https://www.icon.foundation/,https://www.reddit.com/r/helloicon,helloiconworld,theloopkr/loopchain,helloicon,http://docs.icon.foundation/ICON-Whitepaper-EN-Draft.pdf,12.43140595223639,92.04788690638372,0.008765118630666317
31,BTG,0.0029,21.57,7352.6,21.614832589694007,,,,0.009941091762971154,-0.0004103029736437428,0.011208229736129654,-0.12798954148287386,Bitcoin Gold,https://btcgpu.org/,https://www.reddit.com/r/BitcoinGoldHQ,bitcoingold,BTCGPU/BTCGPU,bitcoingoldofficial/,,528.575,95.91449879753189,0.002350977443976296
32,DCR,0.0029,20.93,15045.41,42.90564910255979,,,,0.008928167311755436,0.0024659208071068288,0.0456443023310775,-0.1380878741330757,Decred,https://www.decred.org/,https://www.reddit.com/r/decred,decredproject,decred/dcrd,,https://decred.org/dtb001.pdf,131.43940300774673,67.69140256130997,0.0006147114520200091
33,DGB,0.0028000000000000004,20.61,11.77,0.033061163547081746,,,,-0.003239358397717845,-0.00026176781596502595,0.1535272082033296,-0.014238259951983639,DigiByte,http://www.digibyte.io/,https://www.reddit.com/r/Digibyte,DigiByteCoin,digibyte/digibyte,digibytecoin/,,0.14194234306545397,76.70122748730509,0.0032059212506744404
34,ZIL,0.0027,20.13,16.73,0.04588258134795793,,,,-0.0013429687625020673,-0.0005549612987275691,0.0010580541448263754,-0.184476170316824,Zilliqa,https://www.zilliqa.com/,https://www.reddit.com/r/zilliqa,zilliqa,Zilliqa/Zilliqa,,https://docs.zilliqa.com/whitepaper.pdf,0.23095213203271917,80.12756761689276,0.004239564779102278
35,BTS,0.0026,18.94,47.66,0.12300700115910931,,,,0.007005001524919246,0.00041818045877913256,0.03657514208295971,-0.2218734607454196,BitShares,https://bitshares.org,https://www.reddit.com/r/bitshares,BitShares,bitshares/bitshares-core,,http://docs.bitshares.eu/_downloads/bitshares-general.pdf,0.8951518327441619,86.25818680076,0.002501218895326675
36,MKR,0.0025,18,189439.33,464.6844794321718,,,,-0.00029263977781342665,-0.02925674558450476,0.023767241438680035,-0.15628446673047683,Maker,https://makerdao.com/,https://www.reddit.com/r/MakerDAO,MakerDAO,makerdao,,https://makerdao.com/assets/documents/purple.pdf,1890,75.4155848536783,0.000004124370666543083
37,STEEM,0.0022,16.3,460.29,1.0226245996087846,,,,0.007306319460854492,0.014495552298650807,0.047785427085232056,-0.12627524979211668,Steem,https://steem.io/,https://www.reddit.com/r/steemit,Steemit,steemit/steem,steemit,https://steem.io/SteemWhitePaper.pdf,8.405806111073145,87.88550214422344,0.000503253295236037
38,XVG,0.0022,15.82,8.3,0.017888890576069166,,0.02,,-0.006873707308594549,-0.0622457300041975,0.17065830954485206,-0.03154934203386685,Verge,http://vergecurrency.com/,https://www.reddit.com/r/vergecurrency,vergecurrency,vergecurrency/VERGE,VERGEcurrency/,https://vergecurrency.com/assets/Verge-Anonymity-Centric-CryptoCurrency.pdf,0.2912037302644643,93.85247643630498,0.0018387197802957197
39,AE,0.0022,15.78,543.25,1.1681946903491263,,,,-0.0012297189597958306,-0.010682298556522246,0.007145085968837352,-0.3134966271575102,Aeternity,https://www.aeternity.com/,https://www.reddit.com/r/Aeternity,aetrnty,aeternity/elixir-node,aeternityproject/,https://aeternity.com/aeternity-blockchain-whitepaper.pdf,5.681357379440657,79.45806229361419,0.002481467704874619
40,SC,0.0021,15.59,3.45,0.007336045144500229,,,,-0.009068074489449764,-0.011387562708414699,0.15501959214331243,-0.04568830324793012,Siacoin,http://sia.tech/,https://www.reddit.com/r/Siacoin,SiaTechHQ,NebulousLabs/Sia,,https://www.sia.tech/whitepaper.pdf,0.10248990903092291,92.84938885642272,0.0015057327315445635
41,NPXS,0.0019,14.22,1.17,0.0022702946296142977,,,,-0.0052703743913754516,0.07415913669841435,0.14203776576941768,0.14961540114704108,Pundi X,https://pundix.com/,https://www.reddit.com/r/PundiX,PundiXLabs,,,,0.014194050889419545,84.39769889175274,0.003490284484264753
42,BAT,0.0019,13.84,126.59,0.23873363708999312,,,,-0.005209073693544691,0.04077147835141758,0.05971823527622743,-0.07603826300826311,Basic Attention Token,https://basicattentiontoken.org/,https://www.reddit.com/r/BATProject,AttentionToken,,,https://basicattentiontoken.org/BasicAttentionTokenWhitePaper-4.pdf,0.9070865053040067,73.70630781513333,0.0008254869807300547
43,WAVES,0.0018,13.32,1265.89,2.2978734985170726,,,,-0.0006768464993893697,0.016942577071143515,0.024151354988002555,0.24703008593365838,Waves,https://wavesplatform.com/,https://www.reddit.com/r/Wavesplatform,wavesplatform,wavesplatform/Waves,wavesplatform,https://blog.wavesplatform.com/waves-whitepaper-164dd6ca6a23,16.5926279988977,86.15524568799593,0.0011496810110675467
44,REP,0.0018,13.14,11508.06,20.60670716000429,,,,-0.0029399467741939604,-0.002396083896630544,0.0021898728570081054,-0.2742743599755613,Augur,http://www.augur.net/,https://www.reddit.com/r/augur,AugurProject,AugurProject/augur-core,augurproject,http://bravenewcoin.com/assets/Whitepapers/Augur-A-Decentralized-Open-Source-Platform-for-Prediction-Markets.pdf,124.69360426669446,83.48857069057848,0.0005791394598971118
45,_BTM,0.0017000000000000001,12.67,126.27,0.21803052764313896,,,,-0.007288360275295864,-0.0014000365090400995,0.09037241677048623,-0.1817459880654237,Bytom,http://bytom.io/,https://www.reddit.com/r/BytomBlockchain,,,,http://bytom.io/BytomWhitePaperV1.0_En.pdf,1.1098430470758638,80.32539053793258,0.012774403002488794
46,STRAT,0.0017000000000000001,12.13,1278.65,2.114197602672001,,2.12,,0.029996944398478755,0.11953092470476225,0.2922372576226552,0.049220604384294535,Stratis,http://stratisplatform.com/,https://www.reddit.com/r/Stratisplatform,stratisplatform,stratisproject/StratisBitcoinFullNode,,https://stratisplatform.com/files/Stratis_Whitepaper.pdf,21.845831902939423,90.322990185412,0.000980562866671411
47,WTC,0.0016,11.7,3153.36,5.029249371471965,,,,-0.00272146086649701,0.05130302226450872,0.23165031027056057,0.3522774285797911,Waltonchain,http://www.waltonchain.org/,https://www.reddit.com/r/waltonchain,Waltonchain,,,http://www.waltonchain.org/upload/1498826072890.pdf,46.61806554740677,89.22612715973591,0.0038017639042603056
48,GNT,0.0014000000000000002,10.34,131.97,0.18603019313413405,,,,-0.0011231703702906024,0.01878458168985098,0.09480401559627155,-0.1794173347119205,Golem,https://golem.network/,https://www.reddit.com/r/GolemProject,golemproject,golemfactory/golem,golemproject/,,1.1573,83.91553947026944,0.0006139763508987478
49,ETP,0.0013,9.88,2520.41,3.394394745964022,,,,-0.002447210076018283,0.04505641299761401,0.024310198545515863,0.3616206595957329,Metaverse ETP,https://mvs.org/,https://www.reddit.com/r/Metaverse_Blockchain,mvs_org,mvs-org/metaverse,mvsofficial/,,6.23719,45.47569863224589,0.001029802461538006
50,KMD,0.0013,9.88,1155.57,1.5565445349761562,,,,0.002183239270790802,-0.014408004832541083,0.18568692034311113,0.06961858881255031,Komodo,https://komodoplatform.com/,https://www.reddit.com/r/komodoplatform,KomodoPlatform,KomodoPlatform/komodo,KomodoPlatform,https://komodoplatform.com/whitepaper/,15.172690589860684,89.75827700766023,0.0005588794053365668
51,PPT,0.0013,9.83,3420.94,4.581678986741599,,,,0.0004173400227285055,0.01916254813900661,-0.01906902580406001,-0.0077387213314158865,Populous,http://populous.co/,https://www.reddit.com/r/,BitPopulous,bitpopulous/populous-smartcontracts,,https://populous.world/invoice-finance/populous_whitepaper_final_v1.pdf,80.16830055273154,94.28717355647353,0.0013043700610399053
52,_HOT,0.0013,9.67,0.95,0.001251643361153335,,,,0.0030290146544443113,-0.10164250934898393,0.502229323307027,0.7850165023498693,Holo Token,https://holochain.org/,https://www.reddit.com/r/,holochain,Holochain/holochain-proto,,http://ceptr.org/whitepapers/holochain,0.0019133730000000001,34.58445576720614,0.000029670206041951166
53,SNT,0.0012,9.1,36.48,0.045226656600817476,,,,-0.005810072800514213,0.05125852463364134,0.06454375522519715,-0.15980090743483502,Status,http://status.im/,https://www.reddit.com/r/statusim,ethstatus,status-im/status-react,ethstatus,https://status.im/whitepaper.pdf,0.608697,92.56699913905743,0.0017249038413636821
54,MITH,0.0011,8.43,335.8,0.38581390267803434,,,,0.017059809509299792,0.03920118434811137,0.12369990221457507,-0.23492174675393201,Mithril,https://mith.io/,https://www.reddit.com/r/MithrilToken,mithriltoken,mithio/mithril-smart-contract,,https://mith.io/whitepaper.pdf,1.5691124664390206,75.08708789038596,0.008073717342523112
55,HSR,0.0011,8.16,2913.92,3.2394178398704514,,,,-0.007966708353959672,-0.16381577978288,0.05625153738151864,-0.3844395131646484,Hshare,https://h.cash/,https://www.reddit.com/r/h_cash,Mkt_Hcash,HcashOrg/Hshare/,HcashOfficial/,https://h.cash/themes/en/dist/pdf/Hcash+Whitepaper+V0.8.1.pdf,43.1679,92.47276423838915,0.004623186287811738
56,RHOC,0.0011,8.12,349.57,0.3867168533340833,,,,-0.003664205897619784,0.014547478871788035,-0.03130646866628334,-0.3716969091633164,RChain,https://www.rchain.coop/,https://www.reddit.com/r/RChain,rchain_coop,rchain/rchain,,https://media.readthedocs.org/pdf/rchain-architecture/stable/rchain-architecture.pdf,3.0541052021248944,87.344969624391,0.00033981227883039746
57,WAN,0.0011,8.13,1181.97,1.3089072608349201,,,,-0.01231137608764987,-0.05827398515084193,0.05095274136987693,0.1446994686824886,Wancoin,https://wanchain.org/,https://www.reddit.com/r/wanchain,wanchain_org,wanchain/go-wanchain,,,9.907177370284542,86.76067686837231,0.0006221935137853852
58,IOST,0.0011,8.05,15.07,0.016522835779308267,,,,-0.0000069605469133198675,0.007819257001571617,0.03391010013340192,-0.18643206176054739,IOStoken,http://iost.io/,https://www.reddit.com/r/IOStoken,iostoken,iost-official?tab=repositories,,https://docsend.com/view/ihwqcdg,0.13034500572578758,87.3217501388905,0.0031502811558333406
59,KCS,0.0011,7.97,1395.22,1.5146380295428443,,,,-0.003853033661449129,0.010057629864500824,0.015085147829360353,-0.3268420996048958,KuCoin Shares,https://www.kucoin.com/,https://www.reddit.com/r/kucoin,kucoincom,,,https://assets.kucoin.com/kucoin_whitepaper_en.pdf,20.610696651148643,92.631082030245,0.000030180649072762594
60,MOAC,0.0011,7.85,2026.61,2.168915003206673,,,,-0.0033399763531213743,0.03556876476376579,-0.20266401740390683,-0.5338679318213958,MOAC,http://moac.io/,https://www.reddit.com/r/,,MOACChain/moac-core/releases,,http://moac.io/files/MOAC%20technical%20whitepaper%20en.pdf,18.4126,88.2204848679346,0.00008816341351969895
61,MAID,0.001,7.44,279.72,0.2835730472116995,,,,0.010038241783931857,0.02032162131007149,0.18544577711860008,-0.14055859400792983,MaidSafeCoin,http://maidsafe.net,https://www.reddit.com/r/maidsafe,maidsafe,maidsafe/crust,,https://maidsafe.net/roadmap_dev.html,1.1928908322950658,76.23145060396368,0.000488828260898232
63,DGD,0.001,7.01,63294.33,60.4535562934111,,,,-0.0023991255126506123,0.0007285327583871156,0.024487693744953996,-0.2213265870296858,DigixDAO,https://digix.io/,https://www.reddit.com/r/digix,digixglobal,digixglobal,,https://digix.global/whitepaper.pdf,583.332903133055,89.6365740901596,0.00759331353445642
64,ARDR,0.0009,6.94,126.72,0.11989606759097751,,,,-0.0030049365475878663,-0.009767236429421297,0.04128224716965469,-0.09423111891541242,Ardor,https://www.ardorplatform.org/,https://www.reddit.com/r/ardor,ardorplatform,https://bitbucket.org/Jelurida/ardor/src,,,2.0008468999319198,94.01118939299673,0.0004335102662109095
65,AION,0.0009,6.92,611.58,0.5764040133077781,,,,-0.0002007048102325296,-0.03497857985890494,-0.08574001126303264,-0.03650083073007659,Aion,https://aion.network/,https://www.reddit.com/r/AionNetwork,Aion_Network,aionnetwork,AionBlockchain,https://aion.network/whitepapers.html,10.088635642602798,94.28435613888917,0.0006632872228301842
66,ELF,0.0009,6.89,506.35,0.47550767614459594,,,,-0.003346521486722122,0.023570499829866243,0.11292031739128229,-0.11308144856229875,aelf,http://aelf.io/,https://www.reddit.com/r/aelfofficial/,aelfblockchain,AElfProject/AElf,,https://grid.hoopox.com/%C3%A6lf_whitepaper_v1.2.pdf,2.76568,82.81467557892944,0.005092552752163584
67,RDD,0.0009,6.65,4.39,0.003979675254286702,,,,0.007381269633029388,-0.046619373614037556,0.40883467435345044,0.29084267004786135,ReddCoin,http://www.reddcoin.com/,https://www.reddit.com/r/reddcoin,reddcoin,reddcoin-project/reddcoin,reddcoin,https://www.reddcoin.com/papers/PoSV.pdf,0.03198896583546629,87.55930295309768,0.0004930263897932662
68,DCN,0.0009,6.57,0.39,0.0003486479456530704,,,,0.008885579765008813,-0.02267546654291259,-0.09340952482136589,0.06126063074046151,Dentacoin,http://www.dentacoin.com/,https://www.reddit.com/r/Dentacoin,dentacoin,Dentacoin/ERC20-token,dentacoin/,https://www.dentacoin.com/white-paper/Whitepaper-en%20v.1.0.pdf,0.00864307522747331,95.96615859550974,0.000013104153034918617
69,CNX,0.0008,6.17,2785.49,2.3408628969556973,,,,-0.003139897297351354,0.00012938460429231442,0.05379918724568311,0.04342852942330293,Cryptonex,https://cryptonex.org/,https://www.reddit.com/r/,Cryptonex_CNX,Cryptonex,Cryptonex.org,https://cryptonex.org/pdf/whitepaper.pdf,10.2716,77.21033824374297,0.0008750166461833149
70,HT,0.0008,6.09,2531.76,2.1004449194892385,,,,0.002280167509349529,-0.01168967738142484,-0.08860470458402057,-0.2460310348222667,Huobi Token,https://www.huobi.pro/,https://www.reddit.com/r/,HUOBI_Pro,huobiapi/API_Docs_en/wiki,huobipro,,6.102877637983907,65.59818983564199,0.0016085273415453116
71,LINK,0.0008,5.85,361.68,0.2883586606689737,,,,-0.015334429651536535,-0.06556533743447356,-0.12763042845626177,0.14788549177854712,ChainLink,https://smartcontract.com/,https://www.reddit.com/r/,smart_contract,SmartContractKit/LinkToken,,https://link.smartcontract.com/whitepaper,1.2946372248207443,77.77358368863753,0.00031025146954935816
72,XIN,0.0008,5.79,285847.4,225.41706047525165,,,,-0.012223925041352899,-0.004999419833561266,-0.03911348702380046,-0.3891839167534328,Mixin,https://mixin.one/,https://www.reddit.com/r/,MixinMessenger,MixinMessenger/curve,,https://mixin.one/assets/Mixin-Draft-2017-12-22.pdf,2320.38,90.28533858784976,0.00001508705391157053
73,FUN,0.0007000000000000001,5.39,25.26,0.018546727712656426,,,,-0.001921765482722655,0.022116905979719687,-0.004857858834829521,-0.15741810123326402,FunFair,https://funfair.io/,https://www.reddit.com/r/FunfairTech,FunFairTech,,funfairtech,https://funfair.io/wp-content/uploads/2017/06/FunFair-Commercial-White-Paper.pdf,0.254108,92.70124455032115,0.0003360264742218517
74,ZEN,0.0007000000000000001,5.37,27222.86,19.939153007448443,,,,-0.004919711164591148,0.013433743601683468,0.019457370226189055,-0.15337399312769714,ZenCash,https://zensystem.io/,https://www.reddit.com/r/ZenSys,ZenCashOfficial,ZencashOfficial/zen,zencash/,https://zensystem.io/assets/Zen%20White%20Paper.pdf,66.26487812716212,69.8440488794792,0.00019971698232401286
75,ARK,0.0007000000000000001,5.32,1206.19,0.8748385742374093,,,,-0.0014046267323948366,0.0026482194018371597,-0.04814813100819129,-0.0009678404666941713,Ark,http://ark.io/,https://www.reddit.com/r/ArkEcosystem,ArkEcosystem,ArkEcosystem/ark-node,,https://ark.io/whitepaper/,10.604799737280212,91.74960148135119,0.00006574970891134678
76,GXS,0.0007000000000000001,5.26,2109.81,1.5117591037266298,,,,-0.00009915123837388496,-0.0005047199833254459,-0.017397821339671823,-0.35095471183825855,GXChain,https://gxs.gxb.io/,https://www.reddit.com/r/gxs,gongxinbao,gxchain/,,https://ico.gxb.io/download/GXB_Blockchain_White_Paper_v1.2_EN.pdf,186.82897385989085,99.1908326248902,0.0002846650333142302
77,DROP,0.0007000000000000001,5.25,5.91,0.004227963283409859,,,,0.005131922849694129,0.16058892122562668,0.6659306091880838,-0.10961191896095379,Dropil,https://dropil.com,https://www.reddit.com/r/Dropil,DropilCoin,,,https://dropil.com/wp-content/uploads/2018/01/Dropil_White_Paper.pdf,0.00830884,49.11487905159012,0.00010377850416795952
78,NAS,0.0007000000000000001,5.2,2782.17,1.971395627472923,,,,-0.0394217862640882,-0.010065677859405367,0.003027984898326933,-0.1142482507606018,Nebulas Token,https://nebulas.io/,https://www.reddit.com/r/nebulas,nebulasio,nebulasio/go-nebulas,nebulasproject/,https://nebulas.io/docs/NebulasWhitepaper.pdf,16.641046986938136,88.15401202759547,0.0018900491916362288
79,BNT,0.0007000000000000001,5.16,2408.29,1.6946136702365624,,,,-0.0016947799692743901,-0.003051902106251287,-0.01067404445391716,-0.16535191407971084,Bancor,https://bancor.network/,https://www.reddit.com/r/Bancor,BancorNetwork,bancorprotocol/contracts,,https://drive.google.com/file/d/0B3HPNP-GDn7aLXFWOFpTZEgyaEk/view,10.517863071383763,83.89516136261041,0.0008198274464454371
80,BTCD,0.0007000000000000001,5.15,98217.39,68.96332410670364,,,,-0.04034259194510069,-0.18151932448701288,3.2377303651921063,2.0841541600624853,BitcoinDark,http://bitcoindark.com/,https://www.reddit.com/r/bitcoindark,BitcoinDark,jl777/btcd,,http://bitcoindark.com/BitcoinDark-Manifesto.doc,393.1416194709798,82.4584048909174,0.000085080906025634
81,GAS,0.0007000000000000001,5.03,12498.42,8.574498048502235,,,,-0.008458152405597686,0.07486220890147326,0.23609518649466715,0.04542414363522863,Gas,https://neo.org/,https://www.reddit.com/r/NEO/,neo_blockchain,neo-project,NEOSmartEcon/,http://docs.neo.org/en-us/,96.88149464145624,91.15737318830027,0.0010462929518338933
82,MONA,0.0007000000000000001,4.89,2040.05,1.3604120597285692,,,,-0.015425834184921773,-0.015093819986584793,-0.12298961189418617,-0.276450457248472,MonaCoin,http://monacoin.org,https://www.reddit.com/r/monacoin,,monacoinproject/monacoin,,,21.125882159373077,93.56044876061482,0.00011392037336565035
83,QASH,0.0007000000000000001,4.79,361.68,0.23589146244804893,,,,-0.0015712748193910928,-0.018184416453798775,0.07886216024136389,0.18195733166059466,QASH,https://liquid.plus/,https://www.reddit.com/r/LiquidQash,quoine_SG,,QUOINE.SG/,https://s3-ap-southeast-1.amazonaws.com/liquid-site/quoine-liquid_v1.5.pdf,2.47852,90.48493416857184,0.0001684340199098559
84,CMP,0.0007000000000000001,4.78,19337.17,12.5859101,,,,0,0,0,0,Compcoin,https://compcoin.com/,https://www.reddit.com/r/compcoin,Compcoin,,,https://compcoin.com/wp-content/uploads/2017/06/Compcoin-Token-For-A.I.-Financial-Trading-060817v2-1.pdf,31.1443,59.5883994824093,0
85,MCO,0.0006,4.76,8015.07,5.202346405266725,,,,-0.0038094532730642405,0.06805452646154546,0.11859893516535504,-0.18957629504235507,Monaco,https://www.mona.co/,https://www.reddit.com/r/MonacoCard,monaco_card,,Monaco-Card-1355426087883151/,https://www.mona.co/monaco-whitepaper.pdf,26.3164,80.23154228820536,0.0030807068459363825
86,MANA,0.0006,4.76,120.54,0.07821792977441686,,,,-0.00027098833594770786,-0.007610727710864441,0.07627176050851514,-0.17881635580742322,Decentraland,https://decentraland.org/,https://www.reddit.com/r/decentraland,decentraland,decentraland/land,decentraland/,https://decentraland.org/whitepaper.pdf,0.2647045542979305,70.46796345432266,0.0008134280742725908
87,BTCP,0.0006,4.74,6164.75,3.984072467089135,,,,0.01030680333060618,-0.01591429070943419,-0.08036301522404564,-0.19995198539076436,Bitcoin Private,https://btcprivate.org,https://www.reddit.com/r/BTC_Private,bitcoinprivate,BTCPrivate/BitcoinPrivate,,https://btcprivate.org/whitepaper.pdf,88.56297268188578,95.50622933126569,0.000055223259347976115
88,NXT,0.0006,4.56,126.72,0.0787943163400914,,,,-0.009637960636000555,-0.011429918109708592,0.1131944671259184,-0.03770842205649165,Nxt,https://nxt.org/,https://www.reddit.com/r/nxt,NxtCommunity,https://bitbucket.org/JeanLucPicard/nxt/src,NxtBlockchain,https://nxtwiki.org/wiki/Whitepaper:Nxt,2.1090897963896893,96.26406674630684,0.000646283808339836
89,WAX,0.0006,4.52,135.99,0.08379667962457676,,,,-0.005121454657445341,-0.000015817129186072265,0.019106519929765628,-0.2136102195995429,WAX,https://wax.io/,https://www.reddit.com/r/WAX_io,WAX_io,waxio,WAX.io.Community/,https://wax.io/documents/WAX_White_Paper.pdf?1515109330066,4.87231,98.2774157815707,0.0000968238024582782
90,POWR,0.0006,4.51,337.43,0.20730777806831877,,,,-0.0020894632660707147,0.02955568982508254,-0.010747426547651701,-0.10804106272823696,Power Ledger,https://powerledger.io/,https://www.reddit.com/r/powerledger,powerledger_io,,powerledger,https://powerledger.io/#papers,1.89724,89.07330299068958,0.00110436842157719
91,ELA,0.0006,4.46,15764.76,9.576545645550041,,,,-0.004414523835589383,-0.00302430074162052,-0.06612263590621646,-0.09673687866725357,Elastos,https://www.elastos.org/,https://www.reddit.com/r/Elastos,Elastos_org,elastos,elastosorg,https://www.elastos.org/static/file/elastos_whitepaper_0.2.pdf,93.74106741028666,89.77161612988127,0.0004979138310622109
92,PAY,0.0006,4.43,1158.64,0.6994706366229357,,,,-0.00759659267980582,0.05955234177988276,0.1526403012670407,-0.023053142564038124,TenX,https://www.tenx.tech/,https://www.reddit.com/r/TenX,tenxwallet,,tenxwallet/,http://www.tenx.tech/whitepaper/tenx_whitepaper_final.pdf,5.88266,88.12229445727667,0.0012988846593314197
93,PIVX,0.0006,4.33,2229.41,1.3153563829428638,,,,-0.0006611829641757869,0.012704736599593858,0.046081550502170464,-0.09643574446829768,PIVX,http://www.pivx.org,https://www.reddit.com/r/pivx,_pivx,PIVX-Project/PIVX/,PIVxCrypto/,https://pivx.org/wp-content/uploads/2017/03/PIVX-purple-paper-Technincal-Notes.pdf,14.649760253540974,91.03967331910702,0.00018889504872601429
94,AOA,0.0006,4.26,36.59,0.021230305337528853,,,,0.0033695420471253497,-0.043232513547309954,0.09819733268822262,-0.47842792319065613,Aurora,https://www.aurorachain.io/,https://www.reddit.com/r/,AuroraOffic_en,,,,0.060947795434873234,64.88066105372631,0.0001191754779753917
95,NOAH,0.0005,3.54,3.78,0.001869567985236236,,,,-0.0360296769381679,-0.12593081053660019,-0.3546822211584974,0.11241195626003986,Noah Coin,https://noahcoin.org/,https://www.reddit.com/r/,,,,https://noahcoin.org/wp-content/uploads/2018/02/Feb_12_New_UpdateLegal_Disclaimer.pdf,0.0378031,95.07562099025712,0.00017853348376517265
95,CMT,0.0006,4.27,182.17,0.10593281745214925,,,,-0.012198820079400454,0.00037575886688303635,0.040131400525407195,-0.014123080532750637,CyberMiles,https://cm.5miles.com/,https://www.reddit.com/r/CyberMiles,cybermiles,cybermiles/travis,,https://cm.5miles.com/file/project/Project%20white%20paper%20v.1.8_en-US.pdf,0.5919116019332615,82.09117880466674,0.0012499549843606864
96,XZC,0.0006,4.2,22719.03,12.996648642657311,,,,-0.002617433797630651,-0.009307997453795484,0.00022558700470134413,-0.03426928897243109,ZCoin,https://zcoin.io,https://www.reddit.com/r/zcoin,zcoinofficial,zcoinofficial/zcoin/,zcoinofficial,https://zcoin.io/wp-content/uploads/2016/11/zerocoinwhitepaper.pdf,159.7888601629515,91.88477240069972,0.00022732421357153128
97,SUB,0.0005,3.78,312.27,0.1702258376166181,,,,-0.008927066296662753,-0.03178548546366302,-0.1316656968216836,-0.10245668636049107,Substratum,https://substratum.net/,https://www.reddit.com/r/SubstratumNetwork,substratumnet,,substratumnet,http://substratum.net/wp-content/uploads/2017/08/substratum_whitepaper.pdf,3.0856948737629333,94.3803103236549,0.00018753356656340812
97,THETA,0.0006,4.19,190.64,0.1089537629712296,,,,-0.004229293306300425,-0.022320240198809273,0.04506580004844424,-0.05707623012475205,Theta Token,https://www.thetatoken.org/,https://www.reddit.com/r/thetatoken,thetatoken,thetatoken/sliver-integration-transaction-service,,https://s3.us-east-2.amazonaws.com/assets.thetatoken.org/Theta-white-paper-latest.pdf,0.3133799849885557,65.3475572570874,0.0014566756149863762
98,KNC,0.0006,4.07,943.76,0.5233371991333174,,,,-0.004067399290691411,-0.004832133228488335,-0.074027914962211,-0.22976121920541762,Kyber Network,https://kyber.network/,https://www.reddit.com/r/kybernetwork,kybernetwork,KyberNetwork/smart-contracts,,https://kyber.network/assets/KyberNetworkWhitepaper.pdf,5.13924021628958,89.81544730427811,0.00048454419351679075
98,XET,0.0006,4.02,630.36,0.361116756,,,,0.04019192131260033,-0.31958906299318707,-0.6592248155878445,-0.870862719378686,Eternal Token,http://www.atom-solutions.jp/en/,https://www.reddit.com/r/,,atom-solutions/EternalToken,,http://www.atom-solutions.jp/en/whitepaper/XET_whitepaper_En.pdf,17.05855899,97.88307584355928,0.00002180627063487662
98,TTU,0.0005,3.91,1285.43,0.6968443296849816,,,,0.035230705691780516,-0.09753641761997241,-0.23171053733766278,1.5616977697287338,TaTaTu,https://tatatutoken.io/,https://www.reddit.com/r/,TaTaTu_Official,,,,0.8850350833544033,20.368542796766192,0.00005036762208581189
99,VERI,0.0006,4.1,61432.1,34.727056783244926,,,,-0.009289170276438899,-0.04055488023330622,-0.14428466205879178,-0.21255350134478954,Veritaseum,http://veritas.veritaseum.com/,https://www.reddit.com/r/,Veritaseuminc,veritaseum,,,503.99046195446795,93.10958055662921,0.0002504306139587707
99,LRC,0.0006,4.06,221.44,0.12249740279814715,,,,-0.01090295902550961,-0.016702753415500822,-0.08344766459076518,-0.29047401989284033,Loopring,https://loopring.org,https://www.reddit.com/r/loopringorg,loopringorg,Loopring/protocol,,https://github.com/Loopring/whitepaper,0.3410672952501545,63.93525381231872,0.0004633433268124037
99,EMC,0.0006,4.03,2968.01,1.6485823818929473,,,,-0.0012219535364040475,-0.04740496496095064,-0.06282494922004214,-0.35421558666632824,Emercoin,http://emercoin.com/,https://www.reddit.com/r/EmerCoin,emercoin_press,emercoin/emercoin,EmercoinOfficial,,10.660045692562877,84.52227963356094,0.00020702265590993925
99,TUSD,0.0006,3.79,1800.78,1.000680578608136,,,,-0.0009013289933274149,0.0008652806443788142,0.0010586404722512264,0.004743838019690854,True USD,https://www.trusttoken.com/,https://www.reddit.com/r/,TrustToken,trusttoken/trueUSD,,https://docsend.com/view/ws6tkvs,1.3296122321427222,24.689491184350516,0.0031637926708274486
99,NULS,0.0006,4.07,3164.72,1.7557470812410014,,,,-0.005962987195786052,-0.008423701701545503,0.08909919380329083,-0.06380111625837888,Nuls,https://nuls.io/,https://www.reddit.com/r/nulsservice,nulsservice,nuls-io/nuls,nulscommunity/,,8.267148077341623,78.7681405962164,0.0011707034595494982
99,KIN,0.0006,4.12,0.17,0.00009400157048730933,,,,0.0006292246861392017,-0.09368173364076031,-0.16649902534976416,-0.48416518554329585,Kin,https://kin.kik.com,https://www.reddit.com/r/KinFoundation,kin_foundation,,,https://kin.kik.com/papers/Kin_Whitepaper_V1_English.pdf?ver=3,0.00164322502994286,94.28331289673066,0.0001124415998305201
99,LOOM,0.0006,4.02,212.42,0.11772182608642527,,,,-0.009278123769929312,-0.020083354217207437,-0.0037256876295218653,-0.15909600994646217,Loom Network,https://loomx.io/,https://www.reddit.com/r/,loomnetwork,loomnetwork,,,0.7637434258430145,84.58634699241748,0.00048228610903537086
